Traffic_Level,Construction,Drainage_Leak,Road_Condition,Weather,Distance_km,Time_of_Day,Travel_Time_min
3,0,0,5,1,5,8,15
5,1,0,4,1,5,8,25
4,0,1,4,2,6,9,30
2,0,0,5,1,4,11,12
5,1,1,3,2,7,18,40
4,0,0,4,1,8,18,30
1,0,0,5,1,3,14,9
3,0,1,4,2,5,17,22
5,1,0,3,1,10,19,50
2,0,0,5,1,6,13,16
4,1,0,4,1,7,8,32
5,1,1,2,3,9,18,55
3,0,0,4,1,5,10,18
2,0,1,4,2,4,15,15
4,1,1,3,3,6,17,38
1,0,0,5,1,2,12,6
5,1,1,2,3,8,19,52
3,0,0,5,1,6,16,20
4,0,1,3,2,7,18,35
2,0,0,4,1,5,9,14
5,1,0,2,1,11,18,60
3,0,1,4,2,6,14,25
4,1,1,3,3,8,19,48
1,0,0,5,1,3,10,8
2,0,0,5,1,4,16,11
5,1,1,2,3,10,20,65
3,0,0,4,1,7,15,22
4,0,1,3,2,9,17,42
2,0,0,5,1,5,12,13
5,1,0,3,2,8,8,38